Contract Account,Meterid,CoCd,OPCO
20032274795,102979194,1000,RGE
20090438613,102979195,1000,RGE
20032784603,102979196,1000,RGE
20032437012,102979197,1000,RGE
20032925537,102979219,1000,RGE
20032654129,102979220,1000,RGE
20090361666,102979221,1000,RGE
20090397355,102979242,1000,RGE
20032626234,102979243,1000,RGE
20032641530,102979244,1000,RGE
20032809962,102979245,1000,RGE
20032346205,102979266,1000,RGE
20090409846,102979268,1000,RGE
20022621195,102994282,1000,RGE
20022085979,102994283,1000,RGE
20027803145,102994284,1000,RGE
20026874956,102994285,1000,RGE
20029387253,102999683,1000,RGE
20012823223,103021466,1000,RGE
20016147553,103021467,1000,RGE
20017223791,103021468,1000,RGE
20011798483,103021469,1000,RGE
20012607915,103021470,1000,RGE
20029287198,103021471,1000,RGE
20029204706,103021473,1000,RGE
20090493899,103021473,1000,RGE
20031896887,103021478,1000,RGE
20032325563,103021479,1000,RGE
20032044636,103021480,1000,RGE
20030712267,103021481,1000,RGE
20090343037,103021494,1000,RGE
20024200394,103021495,1000,RGE
20031291816,103021496,1000,RGE
20013870546,103021497,1000,RGE
20014134108,103021506,1000,RGE
20015382649,103021507,1000,RGE
20011823208,103021508,1000,RGE
20013584725,103021509,1000,RGE
20012149090,103021510,1000,RGE
20026823862,103021511,1000,RGE
20032854661,103021512,1000,RGE
20020298293,103021513,1000,RGE
20090530369,103021518,1000,RGE
20032673145,103021519,1000,RGE
20031421421,103021520,1000,RGE
20029552039,103021521,1000,RGE
20014599763,103021522,1000,RGE
20031720541,103021523,1000,RGE
20023318098,103021524,1000,RGE
20013871833,103021525,1000,RGE
20032798124,103021535,1000,RGE
20090408954,103021536,1000,RGE
20031107012,103021538,1000,RGE
20031907346,103021539,1000,RGE
20031933524,103021540,1000,RGE
20090514819,103021541,1000,RGE
20030195182,103021542,1000,RGE
20090520261,103021543,1000,RGE
20032921551,103021545,1000,RGE
20013859457,103021546,1000,RGE
20030719742,103021547,1000,RGE
20024433938,103021548,1000,RGE
20013870637,103021549,1000,RGE
20028741468,103021558,1000,RGE
20026522811,103021559,1000,RGE
20031561432,103021561,1000,RGE
20090509272,103021570,1000,RGE
20032664276,103021571,1000,RGE
20032467357,103021572,1000,RGE
20030037525,103021575,1000,RGE
20011826581,103021576,1000,RGE
20021795123,103021577,1000,RGE
20032664367,103021578,1000,RGE
20090538198,103021578,1000,RGE
20029110291,103021579,1000,RGE
20011825906,103021580,1000,RGE
20032843094,103021590,1000,RGE
20032002774,103021591,1000,RGE
20030544637,103021592,1000,RGE
20014980898,103021593,1000,RGE
20013154057,103021594,1000,RGE
20023830654,103021595,1000,RGE
20019979317,103021596,1000,RGE
20017280270,103021597,1000,RGE
20032464479,103021606,1000,RGE
20032009449,103021607,1000,RGE
20090123330,103021608,1000,RGE
20031860099,103021609,1000,RGE
20090536986,103021610,1000,RGE
20029073184,103021611,1000,RGE
20032117697,103021612,1000,RGE
20032201061,103021613,1000,RGE
20032431916,103021618,1000,RGE
20032417162,103021619,1000,RGE
20020256242,103021620,1000,RGE
20090046192,103021622,1000,RGE
20090443472,103021623,1000,RGE
20090013804,103021624,1000,RGE
20030828550,103021625,1000,RGE
20026591618,103021628,1000,RGE
20027609930,103021629,1000,RGE
20031222647,103021630,1000,RGE
20029138177,103021631,1000,RGE
20010087193,103021632,1000,RGE
20030748436,103021633,1000,RGE
20032632414,103021634,1000,RGE
20031351743,103021635,1000,RGE
20032499889,103021636,1000,RGE
20032628115,103021637,1000,RGE
20031078627,103021638,1000,RGE
20090064930,103021640,1000,RGE
20090458017,103021641,1000,RGE
20032131862,103021642,1000,RGE
20019943867,103021643,1000,RGE
20090084961,103021644,1000,RGE
20032782466,103021645,1000,RGE
20030845976,103021646,1000,RGE
20090488956,103021647,1000,RGE
20030173494,103021648,1000,RGE
20032718288,103021649,1000,RGE
20032040469,103021651,1000,RGE
20032427054,103021658,1000,RGE
20032569731,103021659,1000,RGE
20032479139,103021660,1000,RGE
20013025265,103021661,1000,RGE
20028017489,103021662,1000,RGE
20011413430,103021663,1000,RGE
20011826094,103021664,1000,RGE
20011826854,103021665,1000,RGE
20029115720,103021678,1000,RGE
20032723387,103021679,1000,RGE
20032464495,103021680,1000,RGE
20032804864,103021681,1000,RGE
20032725614,103021684,1000,RGE
20030381592,103021685,1000,RGE
20090263904,103021690,1000,RGE
20032904755,103021691,1000,RGE
20031105537,103021692,1000,RGE
20025827534,103021693,1000,RGE
20090022524,103021710,1000,RGE
20026424596,103021711,1000,RGE
20032706770,103021712,1000,RGE
20032794255,103021713,1000,RGE
20031581653,103021715,1000,RGE
20032915991,103021716,1000,RGE
20011595863,103021717,1000,RGE
20010564324,103021718,1000,RGE
20015424177,103021719,1000,RGE
20015424334,103021720,1000,RGE
20032165548,103021744,1000,RGE
20032171637,103021721,1000,RGE
20026247146,103021722,1000,RGE
20032578435,103021724,1000,RGE
20090137512,103021725,1000,RGE
20029046727,103021730,1000,RGE
20031782715,103021731,1000,RGE
20025243377,103021733,1000,RGE
20031078734,103021742,1000,RGE
20090527431,103021742,1000,RGE
20030314049,103021743,1000,RGE
20012798201,103021745,1000,RGE
20026820082,103021746,1000,RGE
20030348419,103021747,1000,RGE
20015424078,103021748,1000,RGE
20022543803,103021749,1000,RGE
20032378406,103021750,1000,RGE
20032918581,103021751,1000,RGE
20031949181,103021752,1000,RGE
20090520949,103021753,1000,RGE
20090372929,103021758,1000,RGE
20031244625,103021760,1000,RGE
20032912683,103021761,1000,RGE
20090354919,103021762,1000,RGE
20031479700,103021763,1000,RGE
20030362527,103021764,1000,RGE
20032706762,103021765,1000,RGE
20032789354,103021766,1000,RGE
20032654012,103021767,1000,RGE
20032604330,103021768,1000,RGE
20032582411,103021769,1000,RGE
20023650953,103021770,1000,RGE
20090331297,103021771,1000,RGE
20015424193,103021772,1000,RGE
20015424250,103021773,1000,RGE
20031872201,103021775,1000,RGE
20032874461,103021776,1000,RGE
20031850504,103021782,1000,RGE
20032214635,103021783,1000,RGE
20031430117,103021784,1000,RGE
20032210385,103021785,1000,RGE
20032051326,103021786,1000,RGE
20013932205,103021787,1000,RGE
20032201327,103021788,1000,RGE
20032829531,103021789,1000,RGE
20031635251,103021794,1000,RGE
20010441929,103021795,1000,RGE
20032867622,103021796,1000,RGE
20011531082,103021797,1000,RGE
20032765925,103021798,1000,RGE
20032941955,103021799,1000,RGE
20032009761,103021800,1000,RGE
20032158733,103021801,1000,RGE
20090537307,103021806,1000,RGE
20032852897,103021807,1000,RGE
20090491646,103021809,1000,RGE
20031487810,103021810,1000,RGE
20031993288,103021811,1000,RGE
20031367889,103021812,1000,RGE
20013934904,103021813,1000,RGE
20031384322,103021814,1000,RGE
20015424367,103021815,1000,RGE
20027843687,103021816,1000,RGE
20029553045,103021817,1000,RGE
20017314467,103021826,1000,RGE
20017165828,103021828,1000,RGE
20017165851,103021829,1000,RGE
20027547478,103021830,1000,RGE
20029350129,103021831,1000,RGE
20032197202,103021832,1000,RGE
20031701335,103021833,1000,RGE
20032401224,103021834,1000,RGE
20090336247,103021835,1000,RGE
20027142221,103021836,1000,RGE
20030292120,103021837,1000,RGE
20090398189,103021838,1000,RGE
20032849471,103021840,1000,RGE
20031508169,103021841,1000,RGE
20023368648,103021843,1000,RGE
20032934935,103021844,1000,RGE
20019350592,103021845,1000,RGE
20032577601,103021846,1000,RGE
20090155050,103021847,1000,RGE
20032169516,103021848,1000,RGE
20031927781,103021850,1000,RGE
20032116384,103021851,1000,RGE
20032713578,103021853,1000,RGE
20030710949,103021854,1000,RGE
20028668638,103021856,1000,RGE
20031971573,103021857,1000,RGE
20031980053,103021858,1000,RGE
20031787904,103021859,1000,RGE
20029558713,103021860,1000,RGE
20030175986,103021861,1000,RGE
20032182287,103021862,1000,RGE
20030639635,103021863,1000,RGE
20031914086,103021864,1000,RGE
20014843336,103021865,1000,RGE
20090035708,103021870,1000,RGE
20030318875,103021871,1000,RGE
20090232156,103021872,1000,RGE
20014849648,103021873,1000,RGE
20031183567,103021874,1000,RGE
20029901707,103021875,1000,RGE
20032258327,103021876,1000,RGE
20030345837,103021877,1000,RGE
20090309673,103021878,1000,RGE
20032934851,103021879,1000,RGE
20090245620,103021880,1000,RGE
20031221383,103021881,1000,RGE
20029020193,103021882,1000,RGE
20028629473,103021883,1000,RGE
20026358885,103021884,1000,RGE
20032877126,103021885,1000,RGE
20090098250,103021886,1000,RGE
20032836759,103021887,1000,RGE
20030629578,103021889,1000,RGE
20030272452,103021894,1000,RGE
20031252271,103021895,1000,RGE
20032772160,103021897,1000,RGE
20031614231,103021898,1000,RGE
20031614256,103021899,1000,RGE
20031892258,103021900,1000,RGE
20014849259,103021901,1000,RGE
20029378906,103021902,1000,RGE
20029269840,103021903,1000,RGE
20028234282,103021904,1000,RGE
20032862870,103021905,1000,RGE
20031796160,103021906,1000,RGE
20031483926,103021908,1000,RGE
20031863887,103021909,1000,RGE
20030275257,103021914,1000,RGE
20014040552,103021915,1000,RGE
20090226992,103021916,1000,RGE
20032738831,103021917,1000,RGE
20010255121,103021918,1000,RGE
20030336612,103021919,1000,RGE
20029651807,103021920,1000,RGE
20026488153,103021921,1000,RGE
20031150749,103021922,1000,RGE
20032029595,103021923,1000,RGE
20031979907,103021924,1000,RGE
20090523117,103021924,1000,RGE
20032647628,103021925,1000,RGE
20027798824,103021926,1000,RGE
20027238664,103021927,1000,RGE
20032239624,103021928,1000,RGE
20028327730,103021929,1000,RGE
20031757659,103021930,1000,RGE
20090533694,103021931,1000,RGE
20030139073,103021932,1000,RGE
20090535988,103021932,1000,RGE
20032117630,103021933,1000,RGE
20031516543,103021934,1000,RGE
20032872150,103021935,1000,RGE
20031341918,103021936,1000,RGE
20032793976,103021937,1000,RGE
20015792268,103021984,1000,RGE
20021845357,102223741,1000,RGE
20032301622,102979217,1000,RGE
20014682494,101328095,1000,RGE
20010661708,101332354,1000,RGE
20018988137,101332363,1000,RGE
20029050794,101332371,1000,RGE
20032513069,101332381,1000,RGE
20012539407,101332407,1000,RGE
20032249847,101332422,1000,RGE
20090058999,101332436,1000,RGE
20014707903,101332486,1000,RGE
20023425158,101332496,1000,RGE
20014668436,101332531,1000,RGE
20025890011,101332538,1000,RGE
20090471689,101332590,1000,RGE
20010374831,101332608,1000,RGE
20014669251,101332615,1000,RGE
20030044794,101332634,1000,RGE
20031470709,101332646,1000,RGE
20014681033,101332660,1000,RGE
20017238716,101332668,1000,RGE
20031005935,101332680,1000,RGE
20014733131,101332689,1000,RGE
20014730087,101332890,1000,RGE
20024148148,101332900,1000,RGE
20014730285,101332908,1000,RGE
20026535417,101332917,1000,RGE
20014730863,101332927,1000,RGE
20031385618,101332938,1000,RGE
20021859374,101332946,1000,RGE
20032088641,101332957,1000,RGE
20014731952,101332964,1000,RGE
20014732059,101332974,1000,RGE
20014732158,101332984,1000,RGE
20014732596,101332992,1000,RGE
20025516889,101332998,1000,RGE
20010653929,101333017,1000,RGE
20013963432,101333182,1000,RGE
20014630733,101333199,1000,RGE
20014631632,101333242,1000,RGE
20032704403,101333251,1000,RGE
20027876224,101333254,1000,RGE
20022119497,101333266,1000,RGE
20014633034,101333275,1000,RGE
20031655960,101333297,1000,RGE
20014634362,101333315,1000,RGE
20014683971,101333327,1000,RGE
20020904734,101333630,1000,RGE
20027415775,101333656,1000,RGE
20031258617,101333667,1000,RGE
20011608823,101335794,1000,RGE
20032389932,101336103,1000,RGE
20014731671,101337073,1000,RGE
20014707622,101337805,1000,RGE
20090148444,101345118,1000,RGE
20090205772,101346402,1000,RGE
20014733560,101353754,1000,RGE
20012644637,101354610,1000,RGE
20030883340,101361876,1000,RGE
20032173062,101361915,1000,RGE
20014635492,101368093,1000,RGE
20014636615,101371593,1000,RGE
20014638561,101371678,1000,RGE
20032898759,101387656,1000,RGE
20012345391,101389654,1000,RGE
20028272381,101395613,1000,RGE
20014732273,101401394,1000,RGE
20014706756,101408169,1000,RGE
20020458210,101411667,1000,RGE
20031283656,101424126,1000,RGE
20015415845,101424275,1000,RGE
20015415902,101424284,1000,RGE
20011782867,101424298,1000,RGE
20020399612,101424306,1000,RGE
20015416041,101424312,1000,RGE
20015416066,101424319,1000,RGE
20025813112,101425438,1000,RGE
20028994844,101425489,1000,RGE
20015414335,101425495,1000,RGE
20015414350,101425503,1000,RGE
20032323345,101425509,1000,RGE
20032207118,101425518,1000,RGE
20032724096,101425525,1000,RGE
20015414434,101425532,1000,RGE
20090003482,101425539,1000,RGE
20026299246,101425547,1000,RGE
20015414632,101425554,1000,RGE
20015413618,101425570,1000,RGE
20026234938,101425579,1000,RGE
20015413717,101425592,1000,RGE
20013823826,101425599,1000,RGE
20019311909,101425614,1000,RGE
20013701477,101425621,1000,RGE
20032767822,101425694,1000,RGE
20014680399,101425713,1000,RGE
20021430507,101425832,1000,RGE
20029372180,101425838,1000,RGE
20020701528,101425891,1000,RGE
20030701740,101425897,1000,RGE
20031497389,101425950,1000,RGE
20010392973,101425959,1000,RGE
20011877881,101433706,1000,RGE
20090151364,101448708,1000,RGE
20024873463,101456305,1000,RGE
20032693705,101461800,1000,RGE
20011420666,101470991,1000,RGE
20013128937,101483868,1000,RGE
20015896390,101488293,1000,RGE
20014705832,101527736,1000,RGE
20032268102,101548568,1000,RGE
20014635070,101568415,1000,RGE
20014660888,101572823,1000,RGE
20011247069,101573768,1000,RGE
20029093224,101576244,1000,RGE
20025508613,101594609,1000,RGE
20014527418,101607723,1000,RGE
20024497875,101611290,1000,RGE
20031935735,101611299,1000,RGE
20014214884,101611306,1000,RGE
20026785822,101620660,1000,RGE
20014680308,101622455,1000,RGE
20024433227,101623896,1000,RGE
20028687711,101630890,1000,RGE
20090068725,101631251,1000,RGE
20020556880,101631635,1000,RGE
20032625509,101632229,1000,RGE
20029662317,101639642,1000,RGE
20015176371,101641197,1000,RGE
20013303357,101644394,1000,RGE
20022548018,101647745,1000,RGE
20030591067,101648455,1000,RGE
20024654269,101650402,1000,RGE
20029717178,101654376,1000,RGE
20020512842,101654539,1000,RGE
20015414673,101655114,1000,RGE
20014706327,101662595,1000,RGE
20028092938,101669048,1000,RGE
20030775017,101669265,1000,RGE
20023297078,101680926,1000,RGE
20031009788,101684903,1000,RGE
20032419549,101686017,1000,RGE
20014660979,101688535,1000,RGE
20014730384,101690411,1000,RGE
20032832311,101692712,1000,RGE
20015414657,101697844,1000,RGE
20015414616,101697964,1000,RGE
20014134645,101698106,1000,RGE
20015414533,101698403,1000,RGE
20015415118,101698805,1000,RGE
20090284017,101700065,1000,RGE
20028849568,101700118,1000,RGE
20015413634,101700252,1000,RGE
20030174781,101700344,1000,RGE
20032229302,101702048,1000,RGE
20025827302,101706601,1000,RGE
20024034066,101706609,1000,RGE
20090411685,101707588,1000,RGE
20030099939,101716616,1000,RGE
20032690826,101723260,1000,RGE
20032158519,101726042,1000,RGE
20014732893,101728636,1000,RGE
20031422346,101731010,1000,RGE
20014733230,101731176,1000,RGE
20030534190,101731327,1000,RGE
20018170165,101731334,1000,RGE
20032113647,101731350,1000,RGE
20014484545,101733094,1000,RGE
20014731853,101733818,1000,RGE
20018900983,101734692,1000,RGE
20011021084,101738624,1000,RGE
20023772518,101741444,1000,RGE
20023455981,101744334,1000,RGE
20014732984,101744511,1000,RGE
20014632259,101744520,1000,RGE
20030541187,101746168,1000,RGE
20031323056,101746246,1000,RGE
20017497197,101746444,1000,RGE
20031557067,101751387,1000,RGE
20030087520,101751434,1000,RGE
20030862997,101751562,1000,RGE
20015413824,101754182,1000,RGE
20014633430,101757310,1000,RGE
20015269796,101759094,1000,RGE
20023117508,101759308,1000,RGE
20014634560,101764707,1000,RGE
20014634867,101765100,1000,RGE
20022346504,101769951,1000,RGE
20014631731,101769996,1000,RGE
20017794601,101771732,1000,RGE
20029855531,101772982,1000,RGE
20014708083,101775370,1000,RGE
20021068166,101779192,1000,RGE
20090132133,101783674,1000,RGE
20014707317,101788125,1000,RGE
20014669061,101788395,1000,RGE
20032079087,101789233,1000,RGE
20014226169,101790407,1000,RGE
20014707713,101790982,1000,RGE
20030270407,101796847,1000,RGE
20014634677,101797140,1000,RGE
20030347023,101797144,1000,RGE
20027642139,101798515,1000,RGE
20014667867,101799136,1000,RGE
20013000938,101799253,1000,RGE
20090501303,101799709,1000,RGE
20014661464,101802190,1000,RGE
20032849869,102090476,1000,RGE
20031560780,102109751,1000,RGE
20015413576,102144575,1000,RGE
20023854613,102180699,1000,RGE
20015413659,102181153,1000,RGE
20028249520,102181154,1000,RGE
20021377914,102201313,1000,RGE
20032099127,102207885,1000,RGE
20015413691,102208111,1000,RGE
20031766114,102208466,1000,RGE
20026600922,102215529,1000,RGE
20031746306,102215632,1000,RGE
20090526094,102222964,1000,RGE
20090343706,102228110,1000,RGE
20090429802,102228337,1000,RGE
20030639528,102228380,1000,RGE
20032311274,102229597,1000,RGE
20031428244,102229600,1000,RGE
20031641721,102229601,1000,RGE
20020394381,102229602,1000,RGE
20031841115,102229603,1000,RGE
20030708356,102229623,1000,RGE
20024270165,102229690,1000,RGE
20032134809,102229691,1000,RGE
20030941411,102229692,1000,RGE
20032420042,102270689,1000,RGE
20014732794,102271153,1000,RGE
20021328438,102289668,1000,RGE
20027894888,102295449,1000,RGE
20026605301,102295502,1000,RGE
20029116231,102360912,1000,RGE
20025570480,102382902,1000,RGE
20010784922,102382976,1000,RGE
20014731473,102396723,1000,RGE
20023672767,102396856,1000,RGE
20014663841,102400662,1000,RGE
20010493367,102424935,1000,RGE
20010649885,102434909,1000,RGE
20014668709,102468593,1000,RGE
20015420399,102501961,1000,RGE
20011379730,102519555,1000,RGE
20031133141,102566665,1000,RGE
20015414798,102593908,1000,RGE
20090412238,102615029,1000,RGE
20014667115,102623114,1000,RGE
20020494991,102645139,1000,RGE
20014668808,102691390,1000,RGE
20027763075,102699960,1000,RGE
20015414475,102732606,1000,RGE
20030919474,102752275,1000,RGE
20014680472,102755216,1000,RGE
20014632853,102758098,1000,RGE
20015414418,102823861,1000,RGE
20030708521,102827389,1000,RGE
20026895571,102868725,1000,RGE
20015414459,102868940,1000,RGE
20015415134,102870873,1000,RGE
20031779802,102886254,1000,RGE
20021282205,102886532,1000,RGE
20090197292,102900916,1000,RGE
20090199223,102900919,1000,RGE
20090197557,102900920,1000,RGE
20090198530,102900924,1000,RGE
20090197946,102900925,1000,RGE
20090197243,102900926,1000,RGE
20090313956,102900927,1000,RGE
20090197979,102900929,1000,RGE
20090198084,102900930,1000,RGE
20090193804,102900931,1000,RGE
20090199249,102900932,1000,RGE
20090375260,102900933,1000,RGE
20090209139,102900934,1000,RGE
20090375286,102900935,1000,RGE
20090198019,102900942,1000,RGE
20090199009,102900943,1000,RGE
20090225184,102900944,1000,RGE
20090188085,102900946,1000,RGE
20090198381,102900947,1000,RGE
20090197912,102900949,1000,RGE
20090225168,102900959,1000,RGE
20090197920,102900962,1000,RGE
20090197821,102900964,1000,RGE
20090313980,102900968,1000,RGE
20013772007,102900970,1000,RGE
20090225333,102900971,1000,RGE
20090313972,102900972,1000,RGE
20090186030,102900975,1000,RGE
20090198365,102901158,1000,RGE
20090197276,102901162,1000,RGE
20090375278,102901165,1000,RGE
20090188093,102901166,1000,RGE
20090313964,102901167,1000,RGE
20090188044,102901168,1000,RGE
20090198001,102901170,1000,RGE
20090375252,102901171,1000,RGE
20090199280,102901172,1000,RGE
20090188515,102901173,1000,RGE
20090199272,102901174,1000,RGE
20090199298,102901175,1000,RGE
20090198092,102901176,1000,RGE
20090197250,102901177,1000,RGE
20090187210,102901178,1000,RGE
20090225309,102901179,1000,RGE
20090199264,102901180,1000,RGE
20090225143,102901187,1000,RGE
20090225317,102901189,1000,RGE
20090198027,102901193,1000,RGE
20090199256,102901194,1000,RGE
20090198316,102901196,1000,RGE
20090198043,102901201,1000,RGE
20090225325,102901209,1000,RGE
20090540285,102901209,1000,RGE
20090197284,102901213,1000,RGE
20014669780,102901241,1000,RGE
20090197532,102905816,1000,RGE
20090197953,102905819,1000,RGE
20090197896,102905822,1000,RGE
20090186097,102905827,1000,RGE
20090197961,102905831,1000,RGE
20090208776,102905832,1000,RGE
20090197599,102905839,1000,RGE
20090197268,102905840,1000,RGE
20090197540,102905841,1000,RGE
20090189174,102905842,1000,RGE
20090186139,102905847,1000,RGE
20090186972,102905851,1000,RGE
20090197524,102905857,1000,RGE
20090186956,102905864,1000,RGE
20090197904,102905868,1000,RGE
20090225341,102905870,1000,RGE
20090313949,102905937,1000,RGE
20090459056,102905941,1000,RGE
20090198076,102905945,1000,RGE
20090197581,102905951,1000,RGE
20090197698,102905960,1000,RGE
20090197805,102905962,1000,RGE
20090198555,102905966,1000,RGE
20090313931,102905970,1000,RGE
20090208727,102905971,1000,RGE
20090197573,102905975,1000,RGE
20090186964,102905976,1000,RGE
20090500578,102905983,1000,RGE
20090186642,102905985,1000,RGE
20090197813,102905987,1000,RGE
20090198506,102905988,1000,RGE
20090197714,102905989,1000,RGE
20010143624,102917022,1000,RGE
20014635690,102917064,1000,RGE
20032302612,102917838,1000,RGE
20090117324,103053842,1000,RGE
20090267376,103061614,1000,RGE
20032046656,103061615,1000,RGE
20090262963,103061616,1000,RGE
20032202648,103061617,1000,RGE
20032213553,103061618,1000,RGE
20032221465,103061619,1000,RGE
20032230904,103061620,1000,RGE
20032322727,103061636,1000,RGE
20032011551,103061637,1000,RGE
20032011569,103061638,1000,RGE
20032011395,103061639,1000,RGE
20032065763,103061661,1000,RGE
20032270611,103061662,1000,RGE
20032033845,103061664,1000,RGE
20032202697,103061666,1000,RGE
20032305516,103061667,1000,RGE
20090489855,103061668,1000,RGE
20032221473,103061706,1000,RGE
20032224907,103061708,1000,RGE
20032712364,103061723,1000,RGE
20032019935,103061724,1000,RGE
20032134825,103063182,1000,RGE
20090222900,103063183,1000,RGE
20032177477,103063184,1000,RGE
20090405299,103063185,1000,RGE
20032134908,103063186,1000,RGE
20032134833,103063187,1000,RGE
20090126218,103063188,1000,RGE
20090462811,103063212,1000,RGE
20032521930,103063230,1000,RGE
20090431105,103063232,1000,RGE
20090488832,103063233,1000,RGE
20032579045,103063234,1000,RGE
20090476373,103063235,1000,RGE
20090401520,103063259,1000,RGE
20032525006,103063260,1000,RGE
20032550046,103063261,1000,RGE
20032634188,103063350,1000,RGE
20032643809,103063353,1000,RGE
20029402391,103053560,1000,RGE
20031142100,103053561,1000,RGE
20090456839,103053562,1000,RGE
20029168836,103053563,1000,RGE
20021273576,103053564,1000,RGE
20031647058,103053565,1000,RGE
20030166670,103053566,1000,RGE
20029113840,103053567,1000,RGE
20031428608,103053568,1000,RGE
20031977992,103053569,1000,RGE
20090440494,103053570,1000,RGE
20031779828,103053571,1000,RGE
20027630274,103053576,1000,RGE
20090381078,103053577,1000,RGE
20031309980,103053578,1000,RGE
20090367804,103053579,1000,RGE
20021432966,103053584,1000,RGE
20032427120,103053585,1000,RGE
20020174189,103053586,1000,RGE
20014662710,103053587,1000,RGE
20090365949,103053589,1000,RGE
20032790048,103053590,1000,RGE
20032713198,103053592,1000,RGE
20028787313,103053593,1000,RGE
20031114612,103053594,1000,RGE
20031077348,103053595,1000,RGE
20031751124,103053596,1000,RGE
20025181254,103053597,1000,RGE
20090050343,103053598,1000,RGE
20024290726,103053599,1000,RGE
20031078056,103053600,1000,RGE
20031078049,103053601,1000,RGE
20090322312,103053602,1000,RGE
20031893876,103053603,1000,RGE
20090343581,103053604,1000,RGE
20032759084,103053605,1000,RGE
20090475029,103053606,1000,RGE
20032717355,103053607,1000,RGE
20030574170,103053612,1000,RGE
20032620609,103053613,1000,RGE
20090232016,103053614,1000,RGE
20013952757,103053615,1000,RGE
20029892054,103053616,1000,RGE
20032110684,103053617,1000,RGE
20032779207,103053618,1000,RGE
20032268565,103053619,1000,RGE
20025028513,103053624,1000,RGE
20023153867,103053625,1000,RGE
20014664237,103053626,1000,RGE
20032941880,103053627,1000,RGE
20032490466,103053628,1000,RGE
20090378421,103053629,1000,RGE
20031981366,103053630,1000,RGE
20026289098,103053631,1000,RGE
20032798579,103053632,1000,RGE
20028157954,103053633,1000,RGE
20028974903,103053634,1000,RGE
20090520717,103053634,1000,RGE
20090459155,103053635,1000,RGE
20031811134,103053637,1000,RGE
20090419464,103053639,1000,RGE
20032920868,103053641,1000,RGE
20030221020,103053642,1000,RGE
20029671797,103053643,1000,RGE
20032646539,103053648,1000,RGE
20090347889,103053649,1000,RGE
20090257633,103053650,1000,RGE
20032839613,103053651,1000,RGE
20010474565,103053653,1000,RGE
20014663569,103053654,1000,RGE
20090036011,103053657,1000,RGE
20090171297,103053658,1000,RGE
20030329401,103053659,1000,RGE
20090498161,103053660,1000,RGE
20031288101,103053661,1000,RGE
20028994620,103053662,1000,RGE
20032429969,103053663,1000,RGE
20090226653,103053664,1000,RGE
20031366204,103053665,1000,RGE
20027141686,103053667,1000,RGE
20026009249,103053668,1000,RGE
20030550691,103053669,1000,RGE
20028405320,103053670,1000,RGE
20022595894,103053671,1000,RGE
20024673640,103053680,1000,RGE
20022309296,103053681,1000,RGE
20090371988,103053682,1000,RGE
20031385188,103053683,1000,RGE
20090328194,103053684,1000,RGE
20090399450,103053685,1000,RGE
20031079690,103053686,1000,RGE
20090415918,103053687,1000,RGE
20026245330,103053688,1000,RGE
20014709180,103053689,1000,RGE
20015415654,103053691,1000,RGE
20032711762,103053692,1000,RGE
20031925751,103053694,1000,RGE
20090007004,103053695,1000,RGE
20015411000,103053696,1000,RGE
20031079492,103053698,1000,RGE
20090231034,103053699,1000,RGE
20012343172,103053700,1000,RGE
20090465087,103053701,1000,RGE
20031501404,103053702,1000,RGE
20090187103,103053703,1000,RGE
20011240734,103053704,1000,RGE
20090194679,103053705,1000,RGE
20090307792,103053706,1000,RGE
20014914038,103053707,1000,RGE
20031079757,103053708,1000,RGE
20030823247,103053709,1000,RGE
20031079716,103053710,1000,RGE
20031259094,103053711,1000,RGE
20031421579,103053713,1000,RGE
20090111954,103053714,1000,RGE
20032474221,103053715,1000,RGE
20029327663,103053716,1000,RGE
20032583542,103053717,1000,RGE
20090012079,103053718,1000,RGE
20030974834,103053724,1000,RGE
20090290022,103053725,1000,RGE
20014249153,103053726,1000,RGE
20090217819,103053727,1000,RGE
20026438059,103053732,1000,RGE
20032134585,103053733,1000,RGE
20020957476,103053734,1000,RGE
20022392581,103053735,1000,RGE
20090473701,103053736,1000,RGE
20032781781,103053737,1000,RGE
20090464270,103053738,1000,RGE
20090478569,103053739,1000,RGE
20027591575,103053740,1000,RGE
20031579491,103053741,1000,RGE
20026276335,103053743,1000,RGE
20015613530,103053744,1000,RGE
20014709685,103053745,1000,RGE
20090242338,103053746,1000,RGE
20014709586,103053747,1000,RGE
20024303701,103053751,1000,RGE
20032659144,103053756,1000,RGE
20032041590,103053757,1000,RGE
20011169024,103053758,1000,RGE
20027160736,103053759,1000,RGE
20014619140,103053761,1000,RGE
20032687988,103053768,1000,RGE
20030019002,103053769,1000,RGE
20032913350,103053770,1000,RGE
20032181032,103053771,1000,RGE
20014708687,103053772,1000,RGE
20031240128,103053773,1000,RGE
20014708281,103053774,1000,RGE
20014245821,103053775,1000,RGE
20024660878,103053778,1000,RGE
20032221341,103053779,1000,RGE
20090382423,103053781,1000,RGE
20024923078,103053782,1000,RGE
20090121334,103053783,1000,RGE
20028651527,103053784,1000,RGE
20032484717,103053785,1000,RGE
20032497180,103053786,1000,RGE
20032131227,103053787,1000,RGE
20032777144,103053789,1000,RGE
20032134296,103053804,1000,RGE
20090293802,103053805,1000,RGE
20031043753,103053806,1000,RGE
20032520387,103053807,1000,RGE
20090440619,103053808,1000,RGE
20090165760,103053809,1000,RGE
20032899088,103053810,1000,RGE
20031078205,103053811,1000,RGE
20031335324,103053812,1000,RGE
20030168510,103053813,1000,RGE
20011943402,103053814,1000,RGE
20032514729,103053815,1000,RGE
20031835059,103053816,1000,RGE
20032249086,103053817,1000,RGE
20031042722,103053818,1000,RGE
20090369420,103053820,1000,RGE
20032835884,103053821,1000,RGE
20032417741,103053823,1000,RGE
20028321055,103053829,1000,RGE
20029801295,103053830,1000,RGE
20090126200,103053831,1000,RGE
20031820614,103053833,1000,RGE
20023398066,103053834,1000,RGE
20014991903,103053836,1000,RGE
20011018197,103053837,1000,RGE
20026245819,103053838,1000,RGE
20026412187,103053839,1000,RGE
20090313105,103053841,1000,RGE
20090303023,103053844,1000,RGE
20031465337,103053846,1000,RGE
20090303353,103053847,1000,RGE
20031027012,103053848,1000,RGE
20090443423,103053849,1000,RGE
20090199470,103053850,1000,RGE
20090288166,103053851,1000,RGE
20032056556,103053852,1000,RGE
20031204934,103053853,1000,RGE
20032574749,103053855,1000,RGE
20090538339,103053855,1000,RGE
20032934216,103053856,1000,RGE
20031131632,103053857,1000,RGE
20090479807,103053858,1000,RGE
20027225877,103053860,1000,RGE
20030881773,103053861,1000,RGE
20026402592,103053862,1000,RGE
20029647326,103053863,1000,RGE
20090014646,103053864,1000,RGE
20024412247,103053865,1000,RGE
20032449983,103053866,1000,RGE
20032134841,103053872,1000,RGE
20024526640,103053874,1000,RGE
20090434018,103053875,1000,RGE
20032149039,103053878,1000,RGE
20022125957,103053879,1000,RGE
20090527324,103053888,1000,RGE
20018670057,103053889,1000,RGE
20090162973,103053890,1000,RGE
20090079698,103053891,1000,RGE
20032776039,103053893,1000,RGE
20027539939,103053894,1000,RGE
20032243576,103053895,1000,RGE
20026841732,103053896,1000,RGE
20028981627,103053898,1000,RGE
20032134817,103053899,1000,RGE
20090373570,103053904,1000,RGE
20032574830,103053905,1000,RGE
20029821749,103053906,1000,RGE
20032322800,103053907,1000,RGE
20090126226,103053908,1000,RGE
20029300801,103053911,1000,RGE
20032821397,103053920,1000,RGE
20025411370,103053921,1000,RGE
20031828096,103053922,1000,RGE
20031383308,103053923,1000,RGE
20014733040,103053925,1000,RGE
20013877228,103053928,1000,RGE
20013877418,103053929,1000,RGE
20024720722,103053930,1000,RGE
20023803289,103053931,1000,RGE
20014732695,103053934,1000,RGE
20014705634,103053936,1000,RGE
20010094934,103053938,1000,RGE
20031628934,103053944,1000,RGE
20013121999,103053945,1000,RGE
20031914540,103053946,1000,RGE
20031628942,103053947,1000,RGE
20028792610,103053949,1000,RGE
20032106393,103053951,1000,RGE
20014249468,103053952,1000,RGE
20012346217,103053953,1000,RGE
20018249142,103053954,1000,RGE
20014249567,103053955,1000,RGE
20013902018,103053964,1000,RGE
20032791772,103053965,1000,RGE
20090173228,103053966,1000,RGE
20025496546,103053967,1000,RGE
20090465996,103053968,1000,RGE
20011027180,103053969,1000,RGE
20014248460,103053970,1000,RGE
20014270373,103053971,1000,RGE
20030474454,103053972,1000,RGE
20031477340,103053973,1000,RGE
20013903420,103053974,1000,RGE
20032096701,103053975,1000,RGE
20014249054,103053976,1000,RGE
20023412354,103053977,1000,RGE
20028104816,103053978,1000,RGE
20031547928,103053979,1000,RGE
20014707127,103053984,1000,RGE
20030108524,103053996,1000,RGE
20031282922,103053997,1000,RGE
20029105077,103053998,1000,RGE
20026923936,103053999,1000,RGE
20021942386,103054008,1000,RGE
20031527060,103054011,1000,RGE
20014706616,103054014,1000,RGE
20015413766,103054015,1000,RGE
20014707523,103054016,1000,RGE
20014707804,103054018,1000,RGE
20015410101,103054019,1000,RGE
20013874324,103054020,1000,RGE
20027395589,103054021,1000,RGE
20029068713,103054022,1000,RGE
20023376088,103054023,1000,RGE
20013420987,103054025,1000,RGE
20030592503,103054026,1000,RGE
20027097805,103054028,1000,RGE
20012740062,103055101,1000,RGE
20019690955,103055102,1000,RGE
20011269444,103055103,1000,RGE
20014202376,103055104,1000,RGE
20027286986,103055105,1000,RGE
20010676763,103055107,1000,RGE
20014636193,103055110,1000,RGE
20027143252,103055113,1000,RGE
20015415332,103055114,1000,RGE
20025211317,103055115,1000,RGE
20013118458,103055116,1000,RGE
20031946591,103055121,1000,RGE
20032424440,103055122,1000,RGE
20024462994,103055123,1000,RGE
20014989048,103055124,1000,RGE
20026207215,103055125,1000,RGE
20029829411,103055127,1000,RGE
20015414855,103055128,1000,RGE
20024402891,103055132,1000,RGE
20032386367,103055134,1000,RGE
20012014773,103055135,1000,RGE
20030377582,103055141,1000,RGE
20029012752,103055142,1000,RGE
20010693529,103055143,1000,RGE
20019341005,103055145,1000,RGE
20014225757,103055146,1000,RGE
20025181593,103055147,1000,RGE
20018163780,103055148,1000,RGE
20090307370,103055150,1000,RGE
20023293093,103055151,1000,RGE
20014635286,103055160,1000,RGE
20013121718,103055161,1000,RGE
20026897411,103055162,1000,RGE
20015284449,103055164,1000,RGE
20032881532,103055165,1000,RGE
20010257531,103055166,1000,RGE
20027493533,103055167,1000,RGE
20028084398,103055168,1000,RGE
20015410978,103055169,1000,RGE
20010266185,103055170,1000,RGE
20030868549,103055171,1000,RGE
20029548805,103055172,1000,RGE
20014203812,103055173,1000,RGE
20014204125,103055174,1000,RGE
20031700790,103055175,1000,RGE
20014203911,103055176,1000,RGE
20090532282,103055177,1000,RGE
20031695115,103055178,1000,RGE
20029186911,103055182,1000,RGE
20014635591,103055191,1000,RGE
20026379162,103055193,1000,RGE
20015079815,103055194,1000,RGE
20028775128,103055201,1000,RGE
20032342691,103055209,1000,RGE
20025153907,103055210,1000,RGE
20032869958,103055211,1000,RGE
20015415274,103055212,1000,RGE
20032568014,103055221,1000,RGE
20032840975,103055222,1000,RGE
20031078502,103055223,1000,RGE
20031773953,103055224,1000,RGE
20090427731,103055225,1000,RGE
20032566026,103055226,1000,RGE
20090437276,103055227,1000,RGE
20029642640,103055228,1000,RGE
20090457910,103055229,1000,RGE
20090167915,103055230,1000,RGE
20032521377,103055231,1000,RGE
20026748267,103055232,1000,RGE
20031079062,103055234,1000,RGE
20090210129,103055235,1000,RGE
20032125302,103055236,1000,RGE
20090023308,103055237,1000,RGE
20031105230,103055239,1000,RGE
20090398627,103055240,1000,RGE
20090490374,103055241,1000,RGE
20025825793,103055242,1000,RGE
20032881243,103055243,1000,RGE
20031697996,103055244,1000,RGE
20031856592,103055245,1000,RGE
20032518951,103055246,1000,RGE
20090220698,103055248,1000,RGE
20032137489,103055249,1000,RGE
20030633687,103055250,1000,RGE
20028339511,103055252,1000,RGE
20027969938,103055254,1000,RGE
20032739920,103055255,1000,RGE
20028217113,103055256,1000,RGE
20029490388,103055257,1000,RGE
20030539611,103055258,1000,RGE
20031755075,103055259,1000,RGE
20030695090,103055260,1000,RGE
20029797212,103055261,1000,RGE
20029339478,103055262,1000,RGE
20032395806,103055263,1000,RGE
20032398289,103055264,1000,RGE
20028108932,103055265,1000,RGE
20020237374,103055266,1000,RGE
20022894107,103055267,1000,RGE
20090122183,103055268,1000,RGE
20028924452,103055269,1000,RGE
20090160571,103055270,1000,RGE
20031837493,103055271,1000,RGE
20032769372,103055272,1000,RGE
20011183751,103055274,1000,RGE
20032739318,103055276,1000,RGE
20032243014,103055277,1000,RGE
20029341946,103055278,1000,RGE
20031426164,103055280,1000,RGE
20024520049,103055281,1000,RGE
20030865925,103055282,1000,RGE
20031886201,103055283,1000,RGE
20090243609,103055284,1000,RGE
20090006956,103055285,1000,RGE
20090305648,103055286,1000,RGE
20026141240,103055287,1000,RGE
20032658724,103055288,1000,RGE
20030853301,103055289,1000,RGE
20023768615,103055290,1000,RGE
20030709776,103055291,1000,RGE
20090093665,103055292,1000,RGE
20032880203,103055294,1000,RGE
20030878860,103055296,1000,RGE
20032674234,103055297,1000,RGE
20090357417,103055298,1000,RGE
20020920508,103055299,1000,RGE
20090510007,103055300,1000,RGE
20031223918,103055301,1000,RGE
20030733776,103055302,1000,RGE
20090393362,103055303,1000,RGE
20027716917,103055304,1000,RGE
20090154186,103055309,1000,RGE
20032780817,103055310,1000,RGE
20090496439,103055311,1000,RGE
20031079021,103055312,1000,RGE
20031984873,103055313,1000,RGE
20031512013,103055314,1000,RGE
20022514853,103055315,1000,RGE
20032201442,103055316,1000,RGE
20032830257,103055317,1000,RGE
20025378587,103055318,1000,RGE
20010925731,103055319,1000,RGE
20090157452,103055320,1000,RGE
20030074718,103055322,1000,RGE
20032493452,103055323,1000,RGE
20031078650,103055324,1000,RGE
20031079187,103055325,1000,RGE
20032051177,103055326,1000,RGE
20090362045,103055327,1000,RGE
20090479443,103055328,1000,RGE
20028521126,103055329,1000,RGE
20028627881,103055330,1000,RGE
20014619959,103055331,1000,RGE
20014630147,103055332,1000,RGE
20032575456,103055341,1000,RGE
20029386636,103055342,1000,RGE
20032309096,103055344,1000,RGE
20030510950,103055345,1000,RGE
20025423276,103055346,1000,RGE
20026392348,103055347,1000,RGE
20014827271,103055348,1000,RGE
20031920224,103055349,1000,RGE
20090237080,103055350,1000,RGE
20090525195,103055351,1000,RGE
20090535137,103055352,1000,RGE
20032790683,103055357,1000,RGE
20090387554,103055359,1000,RGE
20032790741,103055360,1000,RGE
20090019058,103055361,1000,RGE
20090458637,103055362,1000,RGE
20090412659,103055364,1000,RGE
20032471367,103055365,1000,RGE
20028519955,103055366,1000,RGE
20030224347,103055367,1000,RGE
20020855266,103055368,1000,RGE
20031903204,103055369,1000,RGE
20090126044,103055370,1000,RGE
20032311001,103055371,1000,RGE
20024967455,103055373,1000,RGE
20023612565,103055374,1000,RGE
20023558503,103055375,1000,RGE
20032033829,103055376,1000,RGE
20031696758,103055377,1000,RGE
20032572149,103055378,1000,RGE
20032758656,103055378,1000,RGE
20032751156,103055381,1000,RGE
20032561217,103055382,1000,RGE
20032647800,103055383,1000,RGE
20032620831,103055384,1000,RGE
20032230938,103055386,1000,RGE
20090270529,103055387,1000,RGE
20022017220,103055389,1000,RGE
20028276762,103055390,1000,RGE
20032243535,103055391,1000,RGE
20090400266,103055393,1000,RGE
20032134205,103055394,1000,RGE
20090126069,103055395,1000,RGE
20028885943,103055396,1000,RGE
20090126093,103055397,1000,RGE
20031796079,103055398,1000,RGE
20029782313,103055400,1000,RGE
20090185875,103055402,1000,RGE
20090343813,103055403,1000,RGE
20031677022,103055404,1000,RGE
20090490887,103055404,1000,RGE
20019354388,103055405,1000,RGE
20015414756,103055406,1000,RGE
20090126077,103055409,1000,RGE
20029637616,103055410,1000,RGE
20031946385,103055412,1000,RGE
20031666512,103055413,1000,RGE
20031549999,103055414,1000,RGE
20032134320,103055415,1000,RGE
20031371014,103055416,1000,RGE
20027202215,103055417,1000,RGE
20019677234,103055420,1000,RGE
20032232975,103055421,1000,RGE
20090341825,103055422,1000,RGE
20030903288,103055423,1000,RGE
20090466309,103055424,1000,RGE
20032410613,103055433,1000,RGE
20090126051,103055434,1000,RGE
20090460153,103055435,1000,RGE
20031825720,103055436,1000,RGE
20032790642,103055437,1000,RGE
20032790725,103055438,1000,RGE
20090066877,103055439,1000,RGE
20032790717,103055440,1000,RGE
20090512466,103055440,1000,RGE
20027034261,103055441,1000,RGE
20020452981,103055442,1000,RGE
20090359215,103055443,1000,RGE
20030592982,103055444,1000,RGE
20026615219,103055445,1000,RGE
20032327007,103055446,1000,RGE
20032152926,103055447,1000,RGE
20090486257,103055448,1000,RGE
20032421594,103055449,1000,RGE
20030761348,103055450,1000,RGE
20015412636,103055451,1000,RGE
20023335233,103055452,1000,RGE
20015414970,103055461,1000,RGE
20028669784,103055462,1000,RGE
20015415399,103055463,1000,RGE
20011401567,103055464,1000,RGE
20015411729,103055465,1000,RGE
20023450412,103055466,1000,RGE
20015414954,103055467,1000,RGE
20024306464,103055468,1000,RGE
20032859447,103055469,1000,RGE
20032917658,103055470,1000,RGE
20090164045,103055472,1000,RGE
20012583231,103055473,1000,RGE
20015415431,103055474,1000,RGE
20015415035,103055475,1000,RGE
20020847412,103055476,1000,RGE
20032936096,103055477,1000,RGE
20032879148,103055478,1000,RGE
20032811448,103055479,1000,RGE
20090369503,103055480,1000,RGE
20015032350,103055482,1000,RGE
20032609578,103055485,1000,RGE
20032873794,103055486,1000,RGE
20090239979,103055487,1000,RGE
20090051085,103055488,1000,RGE
20012473292,103055489,1000,RGE
20015299157,103055490,1000,RGE
20015415456,103055491,1000,RGE
20030123457,103055492,1000,RGE
20014770349,103055493,1000,RGE
20014665721,103055494,1000,RGE
20014665515,103055495,1000,RGE
20029601703,103055496,1000,RGE
20032742312,103055497,1000,RGE
20032921411,103055498,1000,RGE
20032752998,103055499,1000,RGE
20032875005,103055500,1000,RGE
20090238054,103055501,1000,RGE
20015414103,103055509,1000,RGE
20031484429,103055510,1000,RGE
20023453291,103055511,1000,RGE
20023525114,103055512,1000,RGE
20027869914,103055513,1000,RGE
20029322409,103055516,1000,RGE
20032826032,103055518,1000,RGE
20032248971,103055519,1000,RGE
20090074129,103055520,1000,RGE
20090529379,103055521,1000,RGE
20032624858,103055522,1000,RGE
20015413964,103055523,1000,RGE
20032197111,103055524,1000,RGE
20032769844,103055525,1000,RGE
20090429489,103055526,1000,RGE
20032817338,103055527,1000,RGE
20032609545,103055528,1000,RGE
20015415944,103055533,1000,RGE
20031450487,103055534,1000,RGE
20090515626,103055535,1000,RGE
20031856964,103055536,1000,RGE
20031480161,103055538,1000,RGE
20015415571,103055539,1000,RGE
20031614967,103055540,1000,RGE
20090072230,103055541,1000,RGE
20032635979,103055549,1000,RGE
20032385260,103055550,1000,RGE
20032709360,103055551,1000,RGE
20032560664,103055552,1000,RGE
20014966350,103055553,1000,RGE
20015415803,103055554,1000,RGE
20015415829,103055555,1000,RGE
20023818170,103055556,1000,RGE
20032598607,103055557,1000,RGE
20032612648,103055558,1000,RGE
20032613448,103055559,1000,RGE
20032537274,103055560,1000,RGE
20015415076,103055565,1000,RGE
20010751723,103055566,1000,RGE
20028446332,103055567,1000,RGE
20015415472,103055568,1000,RGE
20027656972,103055569,1000,RGE
20010469011,103055570,1000,RGE
20015415969,103055571,1000,RGE
20090250315,103056051,1000,RGE
20090105667,103056052,1000,RGE
20032065276,103056054,1000,RGE
20031943671,103056055,1000,RGE
20032911008,103056056,1000,RGE
20031974395,103056057,1000,RGE
20031249905,103056062,1000,RGE
20032622910,103056063,1000,RGE
20032120105,103056064,1000,RGE
20032068502,103056065,1000,RGE
20014634594,103056066,1000,RGE
20031278813,103056067,1000,RGE
20032837435,103056068,1000,RGE
20090432640,103056069,1000,RGE
20032417170,103056070,1000,RGE
20032114272,103056071,1000,RGE
20032883512,103056072,1000,RGE
20031691395,103056073,1000,RGE
20090013820,103056078,1000,RGE
20090155340,103056079,1000,RGE
20032649780,103056080,1000,RGE
20032387530,103056081,1000,RGE
20031574823,103056082,1000,RGE
20018447654,103056083,1000,RGE
20090086982,103056084,1000,RGE
20028992772,103056085,1000,RGE
20028274650,103056086,1000,RGE
20090119015,103056087,1000,RGE
20032883785,103056088,1000,RGE
20032495028,103056089,1000,RGE
20028218269,103056090,1000,RGE
20031072950,103056092,1000,RGE
20090527183,103056092,1000,RGE
20032772228,103056093,1000,RGE
20032229542,103056094,1000,RGE
20032762484,103056095,1000,RGE
20032535245,103056096,1000,RGE
20032333757,103056097,1000,RGE
20029247200,103056098,1000,RGE
20027964483,103056099,1000,RGE
20032732446,103056100,1000,RGE
20031140161,103056102,1000,RGE
20032464859,103056103,1000,RGE
20090229814,103056105,1000,RGE
20030356388,103056106,1000,RGE
20090065192,103056107,1000,RGE
20032856583,103056108,1000,RGE
20032464990,103056109,1000,RGE
20090146810,103056111,1000,RGE
20090373547,103056112,1000,RGE
20030835282,103056114,1000,RGE
20010030193,103056115,1000,RGE
20015424219,103056116,1000,RGE
20015424144,103056117,1000,RGE
20032813006,103056118,1000,RGE
20090366251,103056119,1000,RGE
20090352988,103056120,1000,RGE
20014944944,103056121,1000,RGE
20016883652,103056123,1000,RGE
20090343110,103056124,1000,RGE
20031170523,103056125,1000,RGE
20027143716,103056126,1000,RGE
20031106428,103056127,1000,RGE
20032366641,103056128,1000,RGE
20090514157,103056129,1000,RGE
20032146316,103056130,1000,RGE
20030366957,103056131,1000,RGE
20032711028,103056132,1000,RGE
20027568078,103056133,1000,RGE
20023705682,103056138,1000,RGE
20011764956,103056139,1000,RGE
20015424409,103056140,1000,RGE
20028953188,103056141,1000,RGE
20090229806,103056143,1000,RGE
20090229095,103056145,1000,RGE
20025472174,103056147,1000,RGE
20030320483,103056148,1000,RGE
20031044124,103056149,1000,RGE
20090457480,103056150,1000,RGE
20032247924,103056151,1000,RGE
20032856161,103056152,1000,RGE
20026906840,103056153,1000,RGE
20032750562,103056154,1000,RGE
20029616123,103056155,1000,RGE
20031525064,103056156,1000,RGE
20029904636,103056157,1000,RGE
20022067787,103056158,1000,RGE
20022067803,103056159,1000,RGE
20031534710,103056160,1000,RGE
20032640748,103056161,1000,RGE
20012200034,103056172,1000,RGE
20014540973,103056173,1000,RGE
20031194135,103056174,1000,RGE
20012095228,103056177,1000,RGE
20031052358,103056178,1000,RGE
20032399121,103056179,1000,RGE
20032330233,103056180,1000,RGE
20029578802,103056182,1000,RGE
20090401140,103056183,1000,RGE
20013879638,103056184,1000,RGE
20090455526,103056185,1000,RGE
20020846455,103056186,1000,RGE
20032100404,103056188,1000,RGE
20090471812,103056189,1000,RGE
20013900681,103056190,1000,RGE
20030805574,103056191,1000,RGE
20022033441,103056192,1000,RGE
20032885517,103056193,1000,RGE
20013873920,103056194,1000,RGE
20032536961,103056195,1000,RGE
20032341933,103056196,1000,RGE
20013878911,103056197,1000,RGE
20031811472,103056202,1000,RGE
20090340207,103056203,1000,RGE
20031229550,103056204,1000,RGE
20029855937,103056205,1000,RGE
20031059932,103056206,1000,RGE
20020895940,103056208,1000,RGE
20013043326,103056209,1000,RGE
20031535972,103056210,1000,RGE
20014459505,103056211,1000,RGE
20090198308,103056212,1000,RGE
20012045355,103056213,1000,RGE
20031527342,103056214,1000,RGE
20013854383,103056215,1000,RGE
20013854557,103056216,1000,RGE
20032136549,103056217,1000,RGE
20031138322,103056218,1000,RGE
20032841601,103056219,1000,RGE
20090263979,103056220,1000,RGE
20031886086,103056221,1000,RGE
20028403796,103056222,1000,RGE
20013875446,103056223,1000,RGE
20090307768,103056224,1000,RGE
20013875545,103056225,1000,RGE
20031360181,103056231,1000,RGE
20090215177,103056232,1000,RGE
20031940164,103056233,1000,RGE
20090418110,103056234,1000,RGE
20022159527,103056235,1000,RGE
20014779704,103056236,1000,RGE
20029010483,103056237,1000,RGE
20032594267,103056239,1000,RGE
20025417914,103056240,1000,RGE
20032162321,103056241,1000,RGE
20030603573,103056243,1000,RGE
20023349820,103056244,1000,RGE
20014822884,103056245,1000,RGE
20027132388,103056246,1000,RGE
20015051848,103056247,1000,RGE
20013879836,103056248,1000,RGE
20015873548,103056249,1000,RGE
20013878804,103056258,1000,RGE
20013878713,103056259,1000,RGE
20090151117,103056260,1000,RGE
20090244631,103056261,1000,RGE
20090340371,103056262,1000,RGE
20032886374,103056263,1000,RGE
20090538610,103056263,1000,RGE
20029521638,103056264,1000,RGE
20090447580,103056265,1000,RGE
20013612708,103056266,1000,RGE
20011429543,103056267,1000,RGE
20014820961,103056268,1000,RGE
20028591210,103056269,1000,RGE
20010717666,103056270,1000,RGE
20032502997,103056271,1000,RGE
20031768862,103056272,1000,RGE
20013253099,103056273,1000,RGE
20032875427,103056274,1000,RGE
20090516269,103056275,1000,RGE
20032500868,103056276,1000,RGE
20090446954,103056277,1000,RGE
20032889550,103056278,1000,RGE
20029041231,103056279,1000,RGE
20031462219,103056280,1000,RGE
20029935903,103056281,1000,RGE
20032642330,103056290,1000,RGE
20013919301,103056291,1000,RGE
20090030048,103056292,1000,RGE
20012525299,103056294,1000,RGE
20029119243,103056295,1000,RGE
20023853755,103056296,1000,RGE
20015424755,103056297,1000,RGE
20031120023,103056298,1000,RGE
20090484575,103056299,1000,RGE
20030460461,103056300,1000,RGE
20032687186,103056301,1000,RGE
20012468060,103056302,1000,RGE
20015424573,103056303,1000,RGE
20015424417,103056304,1000,RGE
20030480436,103056305,1000,RGE
20019124674,103056306,1000,RGE
20032884122,103056307,1000,RGE
20090338771,103056307,1000,RGE
20090361955,103056308,1000,RGE
20032506402,103056309,1000,RGE
20032000778,103056310,1000,RGE
20014982365,103056311,1000,RGE
20032915876,103056312,1000,RGE
20030621336,103056314,1000,RGE
20029574215,103056315,1000,RGE
20031365487,103056316,1000,RGE
20013919970,103056317,1000,RGE
20029449541,103056318,1000,RGE
20018473072,103056319,1000,RGE
20025834191,103056320,1000,RGE
20010479887,103056321,1000,RGE
20031893108,103056322,1000,RGE
20090536002,103056322,1000,RGE
20028911335,103056324,1000,RGE
20030353245,103056325,1000,RGE
20090292077,103056326,1000,RGE
20032862862,103056327,1000,RGE
20032798058,103056329,1000,RGE
20032392183,103056330,1000,RGE
20032712760,103056331,1000,RGE
20032705350,103056333,1000,RGE
20015424565,103056334,1000,RGE
20015424631,103056335,1000,RGE
20015424441,103056336,1000,RGE
20014434615,103056337,1000,RGE
20032800995,103056338,1000,RGE
20031903550,103056339,1000,RGE
20031955402,103056340,1000,RGE
20016909291,103056341,1000,RGE
20026839447,103056342,1000,RGE
20015424714,103056343,1000,RGE
20028275293,103056344,1000,RGE
20026816106,103056345,1000,RGE
20030364325,103056346,1000,RGE
20090046341,103056347,1000,RGE
20029333968,103056348,1000,RGE
20090002906,103056349,1000,RGE
20031324740,103056351,1000,RGE
20031284555,103056352,1000,RGE
20032265231,103056353,1000,RGE
20024228312,103056354,1000,RGE
20028566212,103056355,1000,RGE
20015424656,103056356,1000,RGE
20031133398,103056358,1000,RGE
20031145640,103056359,1000,RGE
20032316745,103056360,1000,RGE
20030337032,103056361,1000,RGE
20014980690,103056364,1000,RGE
20013677966,103056365,1000,RGE
20015424490,103056366,1000,RGE
20032073064,103056367,1000,RGE
20032037754,103056368,1000,RGE
20090285931,103056369,1000,RGE
20024898312,103056370,1000,RGE
20024993840,103056371,1000,RGE
20027654118,103056372,1000,RGE
20015424391,103056373,1000,RGE
20029222724,103056378,1000,RGE
20031511098,103056380,1000,RGE
20032150797,103056381,1000,RGE
20032752378,103056382,1000,RGE
20090474667,103056383,1000,RGE
20090488493,103056384,1000,RGE
20032586347,103056385,1000,RGE
20032776005,103056386,1000,RGE
20031237769,103056388,1000,RGE
20031167883,103056389,1000,RGE
20032156935,103056390,1000,RGE
20032136911,103056391,1000,RGE
20032717462,103056393,1000,RGE
20090536234,103056395,1000,RGE
20090300227,103056396,1000,RGE
20023615782,103056398,1000,RGE
20032143685,103056399,1000,RGE
20026953552,103056400,1000,RGE
20032623298,103056401,1000,RGE
20013873425,103056410,1000,RGE
20025548312,103056411,1000,RGE
20032791798,103056412,1000,RGE
20013902117,103056413,1000,RGE
20030773673,103056414,1000,RGE
20031051798,103056415,1000,RGE
20017356542,103056416,1000,RGE
20011580980,103056417,1000,RGE
20027412269,103056422,1000,RGE
20013856636,103056423,1000,RGE
20013857436,103056424,1000,RGE
20013856735,103056425,1000,RGE
20031900556,103056438,1000,RGE
20032194308,103056439,1000,RGE
20032804849,103056441,1000,RGE
20028687877,103056450,1000,RGE
20017330828,103056451,1000,RGE
20023357252,103056452,1000,RGE
20013857246,103056453,1000,RGE
20029312301,103056454,1000,RGE
20015424268,103056455,1000,RGE
20024165712,103056456,1000,RGE
20026194124,103056457,1000,RGE
20013901911,103056466,1000,RGE
20014504144,103056467,1000,RGE
20030519704,103056469,1000,RGE
20032876268,103056474,1000,RGE
20032775783,103056475,1000,RGE
20032128959,103056476,1000,RGE
20032751321,103056477,1000,RGE
20013117310,103056478,1000,RGE
20031655994,103056479,1000,RGE
20013854755,103056480,1000,RGE
20021211543,103056481,1000,RGE
20020058374,103056482,1000,RGE
20013902497,103056483,1000,RGE
20027691581,103056484,1000,RGE
20024062752,103056485,1000,RGE
20030910168,103056486,1000,RGE
20030771388,103056487,1000,RGE
20031245903,103056488,1000,RGE
20024446633,103056489,1000,RGE
20023208125,103056490,1000,RGE
20032803072,103056491,1000,RGE
20029325212,103056492,1000,RGE
20029427257,103056493,1000,RGE
20032589747,103056498,1000,RGE
20090473404,103056499,1000,RGE
20030313371,103056500,1000,RGE
20032329292,103056502,1000,RGE
20031860065,103056503,1000,RGE
20031348434,103056504,1000,RGE
20032803064,103056505,1000,RGE
20026953792,103056506,1000,RGE
20029045992,103056507,1000,RGE
20022774861,103056508,1000,RGE
20031798703,103056509,1000,RGE
20021371404,103056511,1000,RGE
20032176180,103056514,1000,RGE
20032016360,103056515,1000,RGE
20032207936,103056516,1000,RGE
20032826230,103056517,1000,RGE
20013933724,103056518,1000,RGE
20013933617,103056519,1000,RGE
20032192468,103056520,1000,RGE
20025248665,103056521,1000,RGE
20031381138,103056531,1000,RGE
20029554175,103056532,1000,RGE
20032782110,103056533,1000,RGE
20030163842,103056539,1000,RGE
20032813824,103056540,1000,RGE
20032782508,103056542,1000,RGE
20090082890,103056543,1000,RGE
20016873562,103056681,1000,RGE
20032186452,103056682,1000,RGE
20022920787,103056683,1000,RGE
20022783755,103056684,1000,RGE
20032849646,103056685,1000,RGE
20032896894,103056686,1000,RGE
20014873663,103056687,1000,RGE
20014844649,103056688,1000,RGE
20014271314,103056689,1000,RGE
20014271504,103056690,1000,RGE
20032719930,103056691,1000,RGE
20024718056,103056692,1000,RGE
20032302752,103056693,1000,RGE
20032808717,103056694,1000,RGE
20029350442,103056695,1000,RGE
20032223438,103056696,1000,RGE
20014247488,103056697,1000,RGE
20017092493,103056698,1000,RGE
20030655169,103056699,1000,RGE
20014246290,103056700,1000,RGE
20014243834,103056701,1000,RGE
20023772401,103056702,1000,RGE
20019603982,103056703,1000,RGE
20024841353,103056704,1000,RGE
20090215326,103056705,1000,RGE
20032654707,103056706,1000,RGE
20024089482,103056707,1000,RGE
20020682108,103056708,1000,RGE
20018263994,103056709,1000,RGE
20020029029,103056710,1000,RGE
20014247389,103056711,1000,RGE
20014247280,103056712,1000,RGE
20031708488,103056713,1000,RGE
20032747493,103056714,1000,RGE
20013650864,103056715,1000,RGE
20031947623,103056716,1000,RGE
20014222101,103056721,1000,RGE
20014248064,103056722,1000,RGE
20026697779,103056723,1000,RGE
20014244352,103056724,1000,RGE
20032197798,103056725,1000,RGE
20031306226,103056726,1000,RGE
20090338946,103056727,1000,RGE
20027421153,103056728,1000,RGE
20025657162,103056729,1000,RGE
20032155200,103056730,1000,RGE
20031878257,103056731,1000,RGE
20032021790,103056732,1000,RGE
20030919342,103056733,1000,RGE
20020891394,103056734,1000,RGE
20028906707,103056736,1000,RGE
20030785040,103056737,1000,RGE
20014273096,103056738,1000,RGE
20031660150,103056739,1000,RGE
20012671986,103056740,1000,RGE
20030876823,103056741,1000,RGE
20014509671,103056742,1000,RGE
20090269117,103056743,1000,RGE
20030876831,103056744,1000,RGE
20014247678,103056745,1000,RGE
20012201537,103056746,1000,RGE
20029691639,103056747,1000,RGE
20090534981,103056748,1000,RGE
20022341703,103056749,1000,RGE
20031371147,103056750,1000,RGE
20032105106,103056751,1000,RGE
20014246779,103056752,1000,RGE
20090121235,103056753,1000,RGE
20026421600,103056754,1000,RGE
20032577171,103056755,1000,RGE
20090120815,103056756,1000,RGE
20014244030,103056757,1000,RGE
20029659990,103056758,1000,RGE
20026698835,103056759,1000,RGE
20014244683,103056760,1000,RGE
20014273401,103056761,1000,RGE
20030925745,103056762,1000,RGE
20027704988,103056763,1000,RGE
20030769648,103056764,1000,RGE
20029646039,103056769,1000,RGE
20012219034,103056770,1000,RGE
20032743393,103056771,1000,RGE
20028898821,103056772,1000,RGE
20014245722,103056773,1000,RGE
20090212588,103056774,1000,RGE
20032866814,103056775,1000,RGE
20013262264,103056776,1000,RGE
20014271892,103056777,1000,RGE
20022647935,103056778,1000,RGE
20010137469,103056779,1000,RGE
20030522989,103056780,1000,RGE
20024593277,103056781,1000,RGE
20027042512,103056782,1000,RGE
20090100502,103056784,1000,RGE
20029179254,103056785,1000,RGE
20029386867,103056786,1000,RGE
20028329660,103056787,1000,RGE
20011242110,103056788,1000,RGE
20032898866,103056789,1000,RGE
20027042728,103056790,1000,RGE
20032500421,103056791,1000,RGE
20032920629,103056792,1000,RGE
20030155715,103056801,1000,RGE
20032191171,103056802,1000,RGE
20031533050,103056803,1000,RGE
20031492182,103056804,1000,RGE
20017722305,103056806,1000,RGE
20032172684,103056811,1000,RGE
20032872499,103056813,1000,RGE
20015790403,103056815,1000,RGE
20032097774,103056816,1000,RGE
20029272646,103056819,1000,RGE
20013938061,103056820,1000,RGE
20090508506,103056820,1000,RGE
20028687844,103056822,1000,RGE
20027973112,103056823,1000,RGE
20032647347,103056824,1000,RGE
20027857182,103056825,1000,RGE
20031995002,103056826,1000,RGE
20013338429,103056827,1000,RGE
20090249937,103056828,1000,RGE
20031364555,103056829,1000,RGE
20032207332,103056830,1000,RGE
20028590329,103056831,1000,RGE
20032809350,103056832,1000,RGE
20032193235,103056833,1000,RGE
20032066332,103056834,1000,RGE
20031526138,103056835,1000,RGE
20022326092,103056836,1000,RGE
20015014564,103056837,1000,RGE
20013193303,103056838,1000,RGE
20010613972,103056839,1000,RGE
20032491795,103056840,1000,RGE
20031523689,103056841,1000,RGE
20014964108,103056842,1000,RGE
20030403206,103056843,1000,RGE
20031523705,103056844,1000,RGE
20014683823,103056845,1000,RGE
20013115991,103056846,1000,RGE
20032796540,103056849,1000,RGE
20013336738,103056850,1000,RGE
20022103889,103056851,1000,RGE
20090301084,103056853,1000,RGE
20090481977,103056854,1000,RGE
20032796748,103056855,1000,RGE
20030540825,103056858,1000,RGE
20030486268,103056859,1000,RGE
20025536473,103056860,1000,RGE
20030633711,103056861,1000,RGE
20032281501,103056864,1000,RGE
20029657663,103056865,1000,RGE
20014963902,103056867,1000,RGE
20010582433,103056868,1000,RGE
20029590823,103056874,1000,RGE
20032867564,103056875,1000,RGE
20090492081,103056876,1000,RGE
20021188907,103056877,1000,RGE
20026441822,103056878,1000,RGE
20025454222,103056881,1000,RGE
20027492790,103056882,1000,RGE
20032847269,103056883,1000,RGE
20032204834,103056884,1000,RGE
20029418553,103056889,1000,RGE
20014122335,103056890,1000,RGE
20031241316,103056891,1000,RGE
20014995037,103056892,1000,RGE
20032621144,103056893,1000,RGE
20090519206,103056894,1000,RGE
20032195099,103056896,1000,RGE
20013935869,103056897,1000,RGE
20029191473,103056898,1000,RGE
20032678334,103056899,1000,RGE
20017454958,103056900,1000,RGE
20016756833,103056901,1000,RGE
20011883269,103056902,1000,RGE
20018928950,103056904,1000,RGE
20090367432,103056905,1000,RGE
20021205107,103056907,1000,RGE
20090391929,103056908,1000,RGE
20014964892,103056909,1000,RGE
20014964702,103056910,1000,RGE
20014964611,103056911,1000,RGE
20032154740,103056912,1000,RGE
20031966078,103056921,1000,RGE
20032155598,103056922,1000,RGE
20013944572,103056923,1000,RGE
20031472515,103056924,1000,RGE
20090326875,103056929,1000,RGE
20032547158,103056930,1000,RGE
20032450643,103056931,1000,RGE
20090008036,103056932,1000,RGE
20030755266,103056933,1000,RGE
20032373746,103056934,1000,RGE
20026415669,103056935,1000,RGE
20032820878,103056936,1000,RGE
20031106725,103056937,1000,RGE
20031435371,103056938,1000,RGE
20031241522,103056939,1000,RGE
20020472237,103056940,1000,RGE
20032608794,103056944,1000,RGE
20031829508,103056945,1000,RGE
20090036649,103056946,1000,RGE
20032615039,103056947,1000,RGE
20090513704,103056947,1000,RGE
20032615021,103056948,1000,RGE
20032007351,103056949,1000,RGE
20031938267,103056950,1000,RGE
20032672360,103056951,1000,RGE
20031227463,103056952,1000,RGE
20027088465,103056953,1000,RGE
20025894641,103056954,1000,RGE
20024767871,103056955,1000,RGE
20032382341,103056957,1000,RGE
20032814939,103056958,1000,RGE
20090446020,103056959,1000,RGE
20031249483,103056960,1000,RGE
20032714725,103056961,1000,RGE
20032300186,103056962,1000,RGE
20032376657,103056963,1000,RGE
20030490591,103056964,1000,RGE
20025176916,103056969,1000,RGE
20027653995,103056970,1000,RGE
20090091701,103056971,1000,RGE
20031169285,103056972,1000,RGE
20032739011,103056974,1000,RGE
20029308846,103056975,1000,RGE
20032890863,103056976,1000,RGE
20031255399,103056977,1000,RGE
20032639591,103056978,1000,RGE
20032196352,103056979,1000,RGE
20031841925,103056980,1000,RGE
20032904870,103056981,1000,RGE
20032756197,103056982,1000,RGE
20032825927,103056983,1000,RGE
20090290097,103056984,1000,RGE
20031058496,103056986,1000,RGE
20024777045,103056987,1000,RGE
20029347216,103056989,1000,RGE
20032203406,103056990,1000,RGE
20030467003,103056991,1000,RGE
20027214038,103056992,1000,RGE
20031909615,103056993,1000,RGE
20032060152,103056994,1000,RGE
20030728487,103056995,1000,RGE
20032014167,103056996,1000,RGE
20027393717,103056997,1000,RGE
20032230169,103056998,1000,RGE
20031685801,103056999,1000,RGE
20032862193,103057000,1000,RGE
20032718049,103057001,1000,RGE
20032878181,103057002,1000,RGE
20032440354,103057003,1000,RGE
20030885105,103057004,1000,RGE
20090254119,103057009,1000,RGE
20090510924,103057010,1000,RGE
20031262155,103057011,1000,RGE
20032865212,103057012,1000,RGE
20032066217,103057013,1000,RGE
20090536432,103057014,1000,RGE
20032140970,103057015,1000,RGE
20032842369,103057016,1000,RGE
20032145037,103057021,1000,RGE
20032907113,103057022,1000,RGE
20031380494,103057024,1000,RGE
20029535331,103057025,1000,RGE
20030011694,103057026,1000,RGE
20030404154,103057027,1000,RGE
20029466610,103057028,1000,RGE
20032856831,103057029,1000,RGE
20031400185,103057030,1000,RGE
20032759423,103057031,1000,RGE
20027584596,103057032,1000,RGE
20031083338,103057041,1000,RGE
20032606624,103057042,1000,RGE
20032702084,103057043,1000,RGE
20029214234,103057044,1000,RGE
20030221517,103057045,1000,RGE
20032821728,103057046,1000,RGE
20032123356,103057047,1000,RGE
20090521186,103057048,1000,RGE
20032087544,103057049,1000,RGE
20010779989,103057051,1000,RGE
20027553922,103057053,1000,RGE
20014270951,103057054,1000,RGE
20014271025,103057055,1000,RGE
20026662450,103057056,1000,RGE
20026861060,103057057,1000,RGE
20032740613,103057058,1000,RGE
20032858704,103057059,1000,RGE
20011166293,103057065,1000,RGE
20014876096,103057066,1000,RGE
20028160263,103057067,1000,RGE
20032886085,103057068,1000,RGE
20013936149,103057069,1000,RGE
20032896191,103057070,1000,RGE
20032749036,103057071,1000,RGE
20031975210,103057072,1000,RGE
20090508027,103057073,1000,RGE
20032072199,103057074,1000,RGE
20032101253,103057075,1000,RGE
20090217132,103057076,1000,RGE
20090044916,103057077,1000,RGE
20090125152,103057078,1000,RGE
20090422104,103057079,1000,RGE
20032842666,103057080,1000,RGE
20031435272,103057081,1000,RGE
20029191432,103057082,1000,RGE
20090199421,103057083,1000,RGE
20025207950,103057084,1000,RGE
20011548409,103057085,1000,RGE
20032120949,103057086,1000,RGE
20029377882,103057087,1000,RGE
20031066762,103057088,1000,RGE
20032449140,103057089,1000,RGE
20024183822,103057090,1000,RGE
20025941871,103057091,1000,RGE
20032588913,103057092,1000,RGE
20025891589,103057093,1000,RGE
20014273906,103057094,1000,RGE
20032139030,103057095,1000,RGE
20019828894,103057096,1000,RGE
20027312519,103057101,1000,RGE
20032612721,103057103,1000,RGE
20029830047,103057105,1000,RGE
20090503127,103057106,1000,RGE
20014270555,103057107,1000,RGE
20011457304,103057108,1000,RGE
20015206145,103057109,1000,RGE
20032886671,103057110,1000,RGE
20030592222,103057111,1000,RGE
20032635722,103057112,1000,RGE
20028672697,103057113,1000,RGE
20030371361,103057114,1000,RGE
20013337256,103057115,1000,RGE
20032243584,103057116,1000,RGE
20015285669,103057117,1000,RGE
20031937061,103057118,1000,RGE
20025135797,103057120,1000,RGE
20029986526,103057121,1000,RGE